FISH SPECIES,TOTAL LENGTH,STANDARD LENGTH,HEAD LENGTH,WEIGHT,SEX,PARASITE LOCATION,S.L grp,parasite no,Parasite infection
Auchenoglaris occidentalis,30,27,6.5,415.9,F,NIL,26 - 30cm,0,
Auchenoglaris occidentalis,30.5,27.5,7,416,F,NIL,26 - 30cm,0,
Auchenoglaris occidentalis,29.5,26.5,6.5,415,F,NIL,26 - 30cm,0,
Clarias gariepinus,26.5,23.5,6.5,99.3,J,NIL,21 - 25cm,0,
Clarias gariepinus,26,23,6,99,J,NIL,21 - 25cm,0,
Clarias gariepinus,25.5,22.5,6,100,J,NIL,21 - 25cm,0,
Schilbe uranoscopus,19.5,16.5,3.5,100,J,NIL,0 - 20cm,0,
Schilbe uranoscopus,19,16,3.2,100,J,NIL,0 - 20cm,0,
Schilbe uranoscopus,18.5,15.5,3,105,J,NIL,0 - 20cm,0,
Schilbe uranoscopus,18,15,3,100,J,NIL,0 - 20cm,0,
Schilbe uranoscopus,20,17,3.5,105,J,NIL,0 - 20cm,0,
Schilbe uranoscopus,20.5,17.5,3.5,100,J,NIL,0 - 20cm,0,
Schilbe uranoscopus,19.3,16.3,3,100,J,NIL,0 - 20cm,0,
Schilbe uranoscopus,19.2,16.2,3,100,J,NIL,0 - 20cm,0,
Schilbe uranoscopus,19,16,3.5,100,J,NIL,0 - 20cm,0,
Tilapia zilli,28,25,5,347.7,M,NIL,21 - 25cm,0,
Tilapia zilli,28.5,25.5,5.5,345.5,M,NIL,21 - 25cm,0,
Tilapia zilli,27.5,24.5,4.5,347,M,NIL,21 - 25cm,0,
Ctenopoma kingslaye,16.5,13.5,3.2,106.8,F,GILLS,0 - 20cm,5,Clinostomum tilapiae
Ctenopoma kingslaye,16,13,3.5,106.5,F,NIL,0 - 20cm,0,
Ctenopoma kingslaye,17,14,3,106,F,NIL,0 - 20cm,0,
Polypterus senegalus,24,21,2.5,116.9,F,NIL,21 - 25cm,0,
Polypterus senegalus,24.5,21.5,2.5,116.5,F,NIL,21 - 25cm,0,
Polypterus senegalus,23.5,20.5,2.5,116.4,F,NIL,0 - 20cm,0,
Clarias gariepinus,16.5,13.5,4.5,106.5,F,NIL,0 - 20cm,0,
Clarias gariepinus,16.5,13.5,4,100.8,F,NIL,0 - 20cm,0,
Clarias gariepinus,16,13,4.5,100.5,F,NIL,0 - 20cm,0,
Clarias gariepinus,15.5,12.5,3.5,105.5,F,NIL,0 - 20cm,0,
Clarias gariepinus,15,12,3.5,105,F,NIL,0 - 20cm,0,
Clarias gariepinus,16,13,4.5,106,F,NIL,0 - 20cm,0,
Parachana obscura,23,20,3.5,153.7,M,NIL,0 - 20cm,0,
Parachana obscura,23.5,20.5,4,153.5,M,NIL,0 - 20cm,0,
Parachana obscura,24,21,4.5,153,M,NIL,21 - 25cm,0,
Hepsetus odoe,30,27,3.5,116.9,F,NIL,26 - 30cm,0,
Hepsetus odoe,29.5,26.5,3,116,F,STOMACH,26 - 30cm,3,Procamallanus leaviochus
Hepsetus odoe,30.5,27.5,3.5,116.5,F,NIL,26 - 30cm,0,
Oreochromis niloticus,24.5,21.5,3.5,286.3,F,NIL,21 - 25cm,5,Clinostomum tilapiae
Oreochromis niloticus,23.5,20.5,3,285.3,F,NIL,0 - 20cm,0,
Oreochromis niloticus,24,21,3,285,F,NIL,21 - 25cm,0,
Sarotherodon galileus,29,24,6.5,600,M,NIL,21 - 25cm,0,
Sarotherodon galileus,29.5,24.5,6,605,M,NIL,21 - 25cm,0,
Sarotherodon galileus,30,25,6.5,610,M,NIL,21 - 25cm,0,
Sarotherodon melanoptheron,25,22,3.5,450,F,NIL,21 - 25cm,0,
Sarotherodon melanoptheron,24.5,21.5,3,445,M,NIL,21 - 25cm,0,
Sarotherodon melanoptheron,20,17,4,375,F,NIL,0 - 20cm,0,
Sarotherodon melanoptheron,24,21,3.5,440,F,NIL,21 - 25cm,0,
Sarotherodon melanoptheron,20.5,17.5,3.5,380,M,NIL,0 - 20cm,0,
Sarotherodon melanoptheron,21.5,18.5,4,385,F,NIL,0 - 20cm,0,
Sarotherodon melanoptheron,22.5,19.5,4.5,390,F,NIL,0 - 20cm,0,
Sarotherodon melanoptheron,22,19,4.5,390,M,NIL,0 - 20cm,0,
Sarotherodon melanoptheron,23,20,4,440,F,NIL,0 - 20cm,0,
Oreochromis niloticus,21,18,3.5,325,M,NIL,0 - 20cm,0,
Oreochromis niloticus,21.5,18.5,4,320,M,NIL,0 - 20cm,0,
Oreochromis niloticus,22,19,3,330,M,NIL,0 - 20cm,0,
Hepsetus odoe,26,23,7,200,M,NIL,21 - 25cm,0,
Hepsetus odoe,26.5,23.5,7.5,210,M,NIL,21 - 25cm,0,
Hepsetus odoe,27,24,8,220,M,NIL,21 - 25cm,0,
Tilapia zilli,23,18,5,300,M,NIL,0 - 20cm,0,
Tilapia zilli,24,19,4.5,250,M,NIL,0 - 20cm,0,
Tilapia zilli,23,18,4.5,150,M,NIL,0 - 20cm,0,
Tilapia zilli,20.5,15.5,3.5,150,F,NIL,0 - 20cm,0,
Tilapia zilli,23,18,4,200,M,NIL,0 - 20cm,0,
Tilapia zilli,22,17,4.5,200,M,NIL,0 - 20cm,0,
Tilapia zilli,21,16,4.5,100,F,NIL,0 - 20cm,0,
Tilapia zilli,23,18,5,225,M,NIL,0 - 20cm,0,
Tilapia zilli,21,16,5,200,F,NIL,0 - 20cm,0,
Tilapia zilli,20,15,5.1,150,F,NIL,0 - 20cm,0,
Tilapia zilli,23,18.5,4.5,310,M,NIL,0 - 20cm,0,
Tilapia zilli,24.5,19.5,4,255,M,NIL,0 - 20cm,0,
Tilapia zilli,23.5,18.5,4.5,155,M,NIL,0 - 20cm,0,
Tilapia zilli,21,16,4,155,F,NIL,0 - 20cm,0,
Tilapia zilli,23.5,18.5,5,225,M,NIL,0 - 20cm,0,
Tilapia zilli,22.5,17.5,5.1,225,M,NIL,0 - 20cm,0,
Tilapia zilli,21.5,16.5,4.5,110,F,NIL,0 - 20cm,0,
Tilapia zilli,23.5,18.5,4,110,M,NIL,0 - 20cm,0,
Tilapia zilli,21.5,16.5,3.5,230,F,NIL,0 - 20cm,0,
Tilapia zilli,20.5,15.5,4.5,230,F,NIL,0 - 20cm,0,
Tilapia zilli,22.5,18.5,4,210,M,NIL,0 - 20cm,0,
Tilapia zilli,23.5,19.5,5.1,210,M,NIL,0 - 20cm,0,
Tilapia zilli,23.5,18.5,5,150,M,NIL,0 - 20cm,0,
Tilapia zilli,21,16,4.5,155,F,NIL,0 - 20cm,0,
Tilapia zilli,23.5,18.5,4,150,M,NIL,0 - 20cm,0,
Tilapia zilli,22.5,17.5,3.5,200,M,NIL,0 - 20cm,0,
Tilapia zilli,21.5,16.5,5,175,F,NIL,0 - 20cm,0,
Tilapia zilli,22.5,18.5,5.1,175,M,NIL,0 - 20cm,0,
Tilapia zilli,24,19,4.5,200,F,NIL,0 - 20cm,0,
Tilapia zilli,25.5,20.5,4.5,175,F,NIL,0 - 20cm,0,
Tilapia zilli,24.5,20.5,4.5,370.9,F,GILLS,0 - 20cm,3,Clinostomum tilapiae
Tilapia zilli,23,19,4,213.7,F,INTESTINE,0 - 20cm,4,Cestacanthus
Tilapia zilli,20.5,16.5,3.5,188.7,F,NIL,0 - 20cm,0,
Tilapia zilli,19.5,15.5,3,141.1,M,NIL,0 - 20cm,0,
Tilapia zilli,16.5,12.5,4,86.7,M,NIL,0 - 20cm,0,
Tilapia zilli,24.5,20,4.5,370,F,NIL,0 - 20cm,0,
Tilapia zilli,23.5,19.5,4,213.5,F,NIL,0 - 20cm,0,
Tilapia zilli,20.5,16,4.5,188.5,F,NIL,0 - 20cm,0,
Tilapia zilli,19,15,3.5,141,M,NIL,0 - 20cm,0,
Tilapia zilli,16,12,4,85.5,M,NIL,0 - 20cm,0,
Tilapia zilli,24.5,20.5,4.5,370,F,NIL,0 - 20cm,0,
Tilapia zilli,25,21,3.5,212,F,NIL,21 - 25cm,0,
Tilapia zilli,24,20,4,186,F,NIL,0 - 20cm,0,
Tilapia zilli,21,17,4.5,140.5,M,NIL,0 - 20cm,0,
Tilapia zilli,18.5,14.5,3.5,86.5,M,NIL,0 - 20cm,0,
Oreochromis niloticus,23.5,19.5,3,293.3,M,NIL,0 - 20cm,0,
Oreochromis niloticus,22.5,18.5,3.5,260.1,M,NIL,0 - 20cm,0,
Oreochromis niloticus,17,13,4,104.7,F,NIL,0 - 20cm,0,
Oreochromis niloticus,21,19,3.5,290,M,NIL,0 - 20cm,0,
Oreochromis niloticus,22,18,4,260,M,NIL,0 - 20cm,0,
Oreochromis niloticus,17.5,13.5,4.5,100,F,NIL,0 - 20cm,0,
Oreochromis niloticus,24,20,4.5,285,M,NIL,0 - 20cm,0,
Oreochromis niloticus,23,19,3.5,255,M,NIL,0 - 20cm,0,
Oreochromis niloticus,17,14,3,105.5,F,NIL,0 - 20cm,0,
Sarotherodon galileus,22,18,4,222.8,M,NIL,0 - 20cm,0,
Sarotherodon galileus,22.5,18.5,3.5,220,M,NIL,0 - 20cm,0,
Sarotherodon galileus,23,19,4.5,220.5,M,NIL,0 - 20cm,0,
Chromotilapia guntheri,13,8,4,19.4,F,NIL,0 - 20cm,0,
Chromotilapia guntheri,13.5,8.5,3.5,19,F,NIL,0 - 20cm,0,
Chromotilapia guntheri,14,9,3,18.5,F,NIL,0 - 20cm,0,
Parachana obscura,22,18.5,4.5,98.1,F,NIL,0 - 20cm,0,
Parachana obscura,22.5,18,4,95,F,NIL,0 - 20cm,0,
Parachana obscura,23.5,19,3.5,98.5,F,NIL,0 - 20cm,0,
Hepsetus odoe,27.5,24,3.5,211.3,M,NIL,21 - 25cm,0,
Hepsetus odoe,28,24.5,3,210,M,NIL,21 - 25cm,0,
Hepsetus odoe,28.5,25,4,205,M,NIL,21 - 25cm,0,
Gymnacus sp.,43.5,41,3,167.2,J,NIL,41 - 45cm,0,
Gymnacus sp.,44,40.5,3.5,165,J,NIL,36 - 40cm,0,
Gymnacus sp.,45.5,41.5,3,170.5,J,NIL,41 - 45cm,0,
Clarias gariepinus,27,24.5,3.5,170,J,INTESTINE,21 - 25cm,1,Ligula intestinalis
Clarias gariepinus,27.5,24,4,175,J,NIL,21 - 25cm,0,
Clarias gariepinus,28.5,25,4.5,180.5,J,NIL,21 - 25cm,0,
Clarias gariepinus,41.5,36.5,5,472.4,M,STOMACH,36 - 40cm,1,Polyonchobothrium clarias
Clarias gariepinus,40.5,36,5.5,470,M,STOMACH,36 - 40cm,1,Ligula intestinalis
Clarias gariepinus,42,37,4.5,475,M,NIL,36 - 40cm,0,
Sarotherodon galileus,27,23.5,4,474.9,F,INTESTINE,21 - 25cm,3,Cestacanthus
Sarotherodon galileus,27.5,23,4.5,475,F,NIL,21 - 25cm,0,
Sarotherodon galileus,28.5,24,4.5,480,F,NIL,21 - 25cm,0,
Parachana obscura,24,24,4.5,209.8,J,NIL,21 - 25cm,0,
Parachana obscura,24.5,24.5,3.5,205.5,J,NIL,21 - 25cm,0,
Parachana obscura,25,25,4.5,210,J,NIL,21 - 25cm,0,
Oreochromis niloticus,24.5,21,3.5,336.9,F,INTESTINE,21 - 25cm,1,Lytocestus marcuseni
Oreochromis niloticus,25,21.5,4,330.5,F,NIL,21 - 25cm,0,
Oreochromis niloticus,26.5,22,4.5,335.5,F,NIL,21 - 25cm,0,
Tilapia zilli,17.5,14.5,4.5,114.7,M,NIL,0 - 20cm,0,
Tilapia zilli,17,14,3.5,115,J,NIL,0 - 20cm,0,
Tilapia zilli,17.5,13.5,3,114.5,F,NIL,0 - 20cm,0,
Tilapia zilli,18.5,14,4.5,115.5,M,NIL,0 - 20cm,0,
Tilapia zilli,17.5,14.5,3.5,120.5,J,NIL,0 - 20cm,0,
Tilapia zilli,18,13,4,115.5,F,NIL,0 - 20cm,0,
Tilapia zilli,16.5,12,4.5,70.5,M,INTESTINE,0 - 20cm,1,Cestacanthus
Tilapia zilli,16,12,4,65.5,F,NIL,0 - 20cm,0,
Tilapia zilli,21,16.5,4.5,65,F,NIL,0 - 20cm,0,
Tilapia zilli,16.5,12,3.5,64.5,F,NIL,0 - 20cm,0,
Tilapia zilli,19.5,14.5,4.5,100.5,M,NIL,0 - 20cm,0,
Tilapia zilli,19,14,4,75.5,F,NIL,0 - 20cm,0,
Tilapia zilli,19,13,3.5,70.1,M,NIL,0 - 20cm,0,
Tilapia zilli,18.5,13,4.5,65.5,M,NIL,0 - 20cm,0,
Tilapia zilli,17.5,11.5,4.5,65,F,INTESTINE,0 - 20cm,1,Cestacanthus
Tilapia zilli,16.5,13.5,3.5,90.5,J,NIL,0 - 20cm,0,
Tilapia zilli,15.5,11,3.5,59.8,J,NIL,0 - 20cm,0,
Tilapia zilli,15.5,10.5,4.5,44.2,J,NIL,0 - 20cm,0,
Tilapia zilli,16,11.5,4,60.5,J,NIL,0 - 20cm,0,
Tilapia zilli,15.5,12,3.5,45.5,J,NIL,0 - 20cm,0,
Tilapia zilli,15.5,11,4,40.5,J,NIL,0 - 20cm,0,
Hepsetus odoe,19,15,5,42.6,J,NIL,0 - 20cm,0,
Hepsetus odoe,19.5,15.5,4.5,40.5,J,NIL,0 - 20cm,0,
Hepsetus odoe,21,14.5,5.5,45,J,NIL,0 - 20cm,0,
Oreochromis niloticus,18.5,13,4.5,82.3,F,NIL,0 - 20cm,0,
Oreochromis niloticus,18,13,4,79.1,F,NIL,0 - 20cm,0,
Oreochromis niloticus,18.5,11.5,3.5,61.9,J,NIL,0 - 20cm,0,
Oreochromis niloticus,19,13.5,4.5,80.5,F,NIL,0 - 20cm,0,
Oreochromis niloticus,18.5,13.5,3.5,80,F,NIL,0 - 20cm,0,
Oreochromis niloticus,17.5,12,4,65,J,NIL,0 - 20cm,0,
Oreochromis niloticus,19,14,3.5,85.5,F,NIL,0 - 20cm,0,
Oreochromis niloticus,19,14,3.5,85,F,NIL,0 - 20cm,0,
Oreochromis niloticus,17.5,12.5,3.5,70.5,J,NIL,0 - 20cm,0,
Tilapia zilli,19,15,4.5,118.5,M,NIL,0 - 20cm,0,
Tilapia zilli,19.5,15,4,125.5,J,NIL,0 - 20cm,0,
Tilapia zilli,17,14.5,3.5,120.5,F,NIL,0 - 20cm,0,
Oreochromis niloticus,15.5,12,3.5,77.4,F,NIL,0 - 20cm,0,
Oreochromis niloticus,16,12.5,4.5,70.5,F,NIL,0 - 20cm,0,
Oreochromis niloticus,16.5,13,3.5,75.5,F,NIL,0 - 20cm,0,
Tilapia zilli,16.5,12.5,4,82.7,F,NIL,0 - 20cm,0,
Tilapia zilli,15.5,11.5,4.5,70.1,M,NIL,0 - 20cm,0,
Tilapia zilli,14.5,11,3.5,57.5,F,NIL,0 - 20cm,0,
Tilapia zilli,19.5,15,4.5,56.9,F,NIL,0 - 20cm,0,
Tilapia zilli,15.5,11,4,56.6,F,NIL,0 - 20cm,0,
Tilapia zilli,17.5,13.5,3.5,90.2,M,NIL,0 - 20cm,0,
Tilapia zilli,16.5,12.5,4.5,66.8,F,NIL,0 - 20cm,0,
Tilapia zilli,16,12.5,3.5,64.9,M,NIL,0 - 20cm,0,
Tilapia zilli,15,11.5,4.5,61.8,M,NIL,0 - 20cm,0,
Tilapia zilli,15.5,11,4,59.9,F,NIL,0 - 20cm,0,
Tilapia zilli,16,12,4,80,F,NIL,0 - 20cm,0,
Tilapia zilli,15.5,11,3.5,68.2,M,NIL,0 - 20cm,0,
Tilapia zilli,16,11.5,4.5,60.5,F,NIL,0 - 20cm,0,
Tilapia zilli,21.5,15.5,4.5,60.1,F,NIL,0 - 20cm,0,
Tilapia zilli,16.5,11.5,4,61.2,F,NIL,0 - 20cm,0,
Tilapia zilli,19.5,14,4.5,95,M,NIL,0 - 20cm,0,
Tilapia zilli,16,13,4.5,70.1,F,NIL,0 - 20cm,0,
Tilapia zilli,15.5,12,3.5,65,M,NIL,0 - 20cm,0,
Tilapia zilli,15.5,12,3.5,62.5,M,NIL,0 - 20cm,0,
Tilapia zilli,15,11,4,60.5,F,NIL,0 - 20cm,0,
Oreochromis niloticus,23,20,3,344.9,M,STOMACH,0 - 20cm,3,Lytocestus marcuseni
Oreochromis niloticus,22,18.5,3.5,275.1,M,STOMACH,0 - 20cm,2,Lytocestus marcuseni
Oreochromis niloticus,22.3,18.3,4,267.5,M,INTESTINE,0 - 20cm,2,Lytocestus marcuseni
Oreochromis niloticus,24.5,21,3.5,439.5,M,NIL,21 - 25cm,0,
Oreochromis niloticus,23,19.5,4.5,308.4,F,STOMACH,0 - 20cm,1,Lytocestus marcuseni
Oreochromis niloticus,22,18.5,3.5,258.6,M,NIL,0 - 20cm,0,
Oreochromis niloticus,20,17,3,233,M,INTESTINE,0 - 20cm,2,Lytocestus marcuseni
Oreochromis niloticus,23.5,21.5,3,345,M,INTESTINE,21 - 25cm,3,Lytocestus marcuseni
Oreochromis niloticus,22.5,19,3.5,275.5,M,NIL,0 - 20cm,0,
Oreochromis niloticus,25,21.5,3.5,268,M,NIL,21 - 25cm,0,
Oreochromis niloticus,23,20,3,440,M,NIL,0 - 20cm,0,
Oreochromis niloticus,22.5,19,4.5,310,M,NIL,0 - 20cm,0,
Oreochromis niloticus,22,17.5,4.5,260,F,NIL,0 - 20cm,0,
Oreochromis niloticus,23,19.5,4,235,M,NIL,0 - 20cm,0,
Oreochromis niloticus,21.5,18,3.5,340,M,NIL,0 - 20cm,0,
Oreochromis niloticus,21.5,18,3.5,270,M,NIL,0 - 20cm,0,
Oreochromis niloticus,24,20.5,4.5,260,M,NIL,0 - 20cm,0,
Oreochromis niloticus,23.5,19,4.5,435,M,NIL,0 - 20cm,0,
Oreochromis niloticus,21.5,18,3,300,M,NIL,0 - 20cm,0,
Oreochromis niloticus,20,16.5,4.5,250,F,NIL,0 - 20cm,0,
Oreochromis niloticus,20,16.5,4.5,230,M,NIL,0 - 20cm,0,
Tilapia zilli,21,17.5,4,251.3,M,NIL,0 - 20cm,0,
Tilapia zilli,21,17.5,4.5,248.3,F,NIL,0 - 20cm,0,
Tilapia zilli,19.5,16.5,3,209,F,NIL,0 - 20cm,0,
Tilapia zilli,23,19.5,4.5,282.4,M,NIL,0 - 20cm,0,
Tilapia zilli,20.5,17,4,250,M,NIL,0 - 20cm,0,
Tilapia zilli,20,17,4,250,F,NIL,0 - 20cm,0,
Tilapia zilli,19.5,16,3.5,210,F,NIL,0 - 20cm,0,
Tilapia zilli,22.5,19,3.5,285,M,NIL,0 - 20cm,0,
Tilapia zilli,21.5,18,3.5,255,M,NIL,0 - 20cm,0,
Tilapia zilli,21.5,18,3.5,255,F,NIL,0 - 20cm,0,
Tilapia zilli,20,17,3,215,F,NIL,0 - 20cm,0,
Tilapia zilli,23.5,20,3.5,290,M,NIL,0 - 20cm,0,
Parachana obscura,28,25,3,261.5,M,NIL,21 - 25cm,0,
Parachana obscura,27.5,24,3.5,209.2,F,NIL,21 - 25cm,0,
Parachana obscura,28,25.5,3,265.5,M,NIL,21 - 25cm,0,
Parachana obscura,28,24.5,3.5,210.5,F,NIL,21 - 25cm,0,
Parachana obscura,28,24.5,3.5,260.5,M,NIL,21 - 25cm,0,
Parachana obscura,28,23.5,4.5,205.5,F,NIL,21 - 25cm,0,
Polypterus senegalus,24.5,21,3.5,82.3,F,NIL,21 - 25cm,0,
Polypterus senegalus,24.5,20.5,4.5,80.5,F,NIL,0 - 20cm,0,
Polypterus senegalus,25.5,22,3.5,83.5,F,NIL,21 - 25cm,0,
Polypterus senegalus,22.5,19,3.5,61.3,J,NIL,0 - 20cm,0,
Polypterus senegalus,24.5,21.5,3.5,80,F,NIL,21 - 25cm,0,
Polypterus senegalus,25,21,4.5,75.5,F,NIL,21 - 25cm,0,
Polypterus senegalus,26,22.5,3.5,80.5,F,NIL,21 - 25cm,0,
Polypterus senegalus,23,19.5,3.5,60.5,J,NIL,0 - 20cm,0,
Polypterus senegalus,24,20.5,3.5,85,F,NIL,0 - 20cm,0,
Polypterus senegalus,24,20,4,85.5,F,NIL,0 - 20cm,0,
Polypterus senegalus,25,21.5,3.5,88,F,NIL,21 - 25cm,0,
Polypterus senegalus,22,18.5,3.5,66,J,NIL,0 - 20cm,0,
Oreochromis niloticus,15,12,3,69.5,J,NIL,0 - 20cm,0,
Oreochromis niloticus,15.5,12.5,3.5,70,J,NIL,0 - 20cm,0,
Oreochromis niloticus,14.5,11.5,3,65,J,NIL,0 - 20cm,0,
Tilapia zilli,13,9.5,3.5,37.3,J,NIL,0 - 20cm,0,
Tilapia zilli,12,8.5,4.5,33.9,J,NIL,0 - 20cm,0,
Tilapia zilli,12,8.5,4.5,28.6,J,NIL,0 - 20cm,0,
Tilapia zilli,13,9,4,31.6,J,NIL,0 - 20cm,0,
Tilapia zilli,13,9,4,33.8,J,NIL,0 - 20cm,0,
Tilapia zilli,12.5,8.5,3.5,30.8,J,NIL,0 - 20cm,0,
Tilapia zilli,13,9,4,30.2,J,NIL,0 - 20cm,0,
Tilapia zilli,13,9,4,37,J,NIL,0 - 20cm,0,
Tilapia zilli,11.5,8,3.5,33,J,NIL,0 - 20cm,0,
Tilapia zilli,11.5,8,3.5,28,J,NIL,0 - 20cm,0,
Tilapia zilli,12,8.5,3.5,31,J,NIL,0 - 20cm,0,
Tilapia zilli,12,8.5,3.5,33,J,NIL,0 - 20cm,0,
Tilapia zilli,11.5,8,3.5,30,J,NIL,0 - 20cm,0,
Tilapia zilli,12,8.5,3.5,30,J,NIL,0 - 20cm,0,
Tilapia zilli,13.5,10,3.5,37.5,J,NIL,0 - 20cm,0,
Tilapia zilli,13,9,4,34,J,NIL,0 - 20cm,0,
Tilapia zilli,12.5,9,3.5,29.5,J,NIL,0 - 20cm,0,
Tilapia zilli,13,9.5,3.5,35,J,NIL,0 - 20cm,0,
Tilapia zilli,13,9.5,3,38,J,NIL,0 - 20cm,0,
Tilapia zilli,13,9,4,35,J,NIL,0 - 20cm,0,
Tilapia zilli,13,9.5,4.5,35,J,NIL,0 - 20cm,0,
Tilapia zilli,25.4,20.1,5.5,291,M,GILLS,0 - 20cm,5,Learnaea cyprinacea
Tilapia zilli,25,20,4.5,290,M,NIL,0 - 20cm,0,
Tilapia zilli,24.5,20.5,4,285,M,NIL,0 - 20cm,0,
Oreochromis niloticus,32.5,27.5,8.5,737,M,NIL,26 - 30cm,0,
Oreochromis niloticus,30,27,7,735,M,NIL,26 - 30cm,0,
Oreochromis niloticus,32.5,26.5,7.5,740,M,NIL,26 - 30cm,0,
Sarotherodon galileus,29.2,24,6.5,664,M,NIL,21 - 25cm,0,
Sarotherodon galileus,28.5,24.5,6,670,M,NIL,21 - 25cm,0,
Sarotherodon galileus,30,23.5,7,660,M,NIL,21 - 25cm,0,
Gymnacus sp.,40.5,34.5,6,138.6,M,NIL,31 -35cm,0,
Gymnacus sp.,40,34,6.5,135.5,M,NIL,31 -35cm,0,
Gymnacus sp.,35.5,33.5,6,130,M,NIL,31 -35cm,0,
Hepsetus odoe,21,17,5,60,J,NIL,0 - 20cm,0,
Hepsetus odoe,20.5,16,4,55.2,J,NIL,0 - 20cm,0,
Hepsetus odoe,21.5,17.5,5.5,65,J,NIL,0 - 20cm,0,
Hepsetus odoe,21,16.5,4.5,60,J,NIL,0 - 20cm,0,
Hepsetus odoe,20.5,16.5,4.5,55,J,NIL,0 - 20cm,0,
Hepsetus odoe,20,15.5,3.5,50,J,NIL,0 - 20cm,0,
Parachana obscura,20,17,5,67.8,J,NIL,0 - 20cm,0,
Parachana obscura,20.5,17.5,5.5,70,J,NIL,0 - 20cm,0,
Parachana obscura,19.5,16.5,4.5,75,J,NIL,0 - 20cm,0,
Polypterus senegalus,29.3,26,3.5,143.6,J,NIL,26 - 30cm,0,
Polypterus senegalus,24.2,21.2,2.5,77.9,J,NIL,21 - 25cm,0,
Polypterus senegalus,26.3,23.4,2.5,108,F,NIL,21 - 25cm,0,
Polypterus senegalus,27.2,24,2.9,120.4,F,NIL,21 - 25cm,0,
Polypterus senegalus,27.1,24,3,112.7,F,NIL,21 - 25cm,0,
Polypterus senegalus,27.1,24,3,119.4,F,NIL,21 - 25cm,0,
Polypterus senegalus,29,26.5,3,140,J,NIL,26 - 30cm,0,
Polypterus senegalus,24,21.5,2,75,J,NIL,0 - 20cm,0,
Polypterus senegalus,26,23.5,2,105,F,NIL,21 - 25cm,0,
Polypterus senegalus,27,24.5,2.5,115,F,NIL,21 - 25cm,0,
Polypterus senegalus,27,24.5,2.5,110,F,NIL,21 - 25cm,0,
Polypterus senegalus,27,24.5,2.5,115,F,NIL,21 - 25cm,0,
Polypterus senegalus,30,26,4,145,J,NIL,26 - 30cm,0,
Polypterus senegalus,25.5,21,3,80,J,NIL,21 - 25cm,0,
Polypterus senegalus,27,23,3,115,F,NIL,21 - 25cm,0,
Polypterus senegalus,28,24,3,125,F,NIL,21 - 25cm,0,
Polypterus senegalus,28,24,3.5,115,F,NIL,21 - 25cm,0,
Polypterus senegalus,28,24,3.5,125,F,NIL,21 - 25cm,0,
Tilapia zilli,14.5,11.5,3,164.3,J,NIL,0 - 20cm,0,
Tilapia zilli,14,11,3,60,F,NIL,0 - 20cm,0,
Tilapia zilli,14,11,3,160,J,NIL,0 - 20cm,0,
Tilapia zilli,13.5,10.5,3,55,F,NIL,0 - 20cm,0,
Tilapia zilli,15,12,3,170,J,NIL,0 - 20cm,0,
Tilapia zilli,14.5,11.5,3,65,F,NIL,0 - 20cm,0,
Chromotilapia guntheri,14.5,11,3.2,43,J,NIL,0 - 20cm,0,
Chromotilapia guntheri,14,10.5,3.5,50.3,J,NIL,0 - 20cm,0,
Chromotilapia guntheri,14,10.5,3,40,J,NIL,0 - 20cm,0,
Chromotilapia guntheri,13.5,10,3,45,J,NIL,0 - 20cm,0,
Chromotilapia guntheri,15,11.5,3.5,45,J,NIL,0 - 20cm,0,
Chromotilapia guntheri,14.5,11,4.5,55,J,NIL,0 - 20cm,0,
Hemichromis faciatus,11,9.2,3,37.2,J,NIL,0 - 20cm,0,
Hemichromis faciatus,16.5,13,3.5,85.4,J,NIL,0 - 20cm,0,
Hemichromis faciatus,15.5,12.3,3.5,65.5,J,NIL,0 - 20cm,0,
Hemichromis faciatus,15.7,12.5,4,74.6,J,NIL,0 - 20cm,0,
Hemichromis faciatus,13.9,11,3,57.7,J,NIL,0 - 20cm,0,
Hemichromis faciatus,15,11.5,3,62.9,J,NIL,0 - 20cm,0,
Hemichromis faciatus,13.7,10.2,3.2,59.6,J,NIL,0 - 20cm,0,
Hemichromis faciatus,15.5,12.5,3.5,77.1,J,NIL,0 - 20cm,0,
Hemichromis faciatus,13.8,11,2.5,66.2,J,NIL,0 - 20cm,0,
Hemichromis faciatus,13,10.1,3.1,52.1,J,NIL,0 - 20cm,0,
Hemichromis faciatus,12,10,3,38.2,J,NIL,0 - 20cm,0,
Hemichromis faciatus,13,10.2,3,36.4,J,NIL,0 - 20cm,0,
Hemichromis faciatus,10.5,10.5,3,40,J,NIL,0 - 20cm,0,
Hemichromis faciatus,16,12.5,3,50,J,NIL,0 - 20cm,0,
Hemichromis faciatus,15,12,2.5,35.2,J,NIL,0 - 20cm,0,
Hemichromis faciatus,15,12,3,80.4,J,NIL,0 - 20cm,0,
Hemichromis faciatus,13,10.5,3,60.5,J,NIL,0 - 20cm,0,
Hemichromis faciatus,14.5,11,3.5,70.6,J,NIL,0 - 20cm,0,
Hemichromis faciatus,13.5,10,2.5,52.7,J,NIL,0 - 20cm,0,
Hemichromis faciatus,15,12,2.5,55.9,J,NIL,0 - 20cm,0,
Hemichromis faciatus,13.5,10.5,3,55.6,J,NIL,0 - 20cm,0,
Hemichromis faciatus,12.5,9.5,3,74.1,J,NIL,0 - 20cm,0,
Hemichromis faciatus,11.5,9.5,2.5,62.2,J,NIL,0 - 20cm,0,
Hemichromis faciatus,12.5,9.5,2.5,45.1,J,NIL,0 - 20cm,0,
Hemichromis faciatus,9.5,11.5,2.5,33.2,J,NIL,0 - 20cm,0,
Hemichromis faciatus,17,13.5,2.5,31.4,J,NIL,0 - 20cm,0,
Hemichromis faciatus,16,12.8,3.5,42.2,J,NIL,0 - 20cm,0,
Hemichromis faciatus,16,13,4,90.4,J,NIL,0 - 20cm,0,
Hemichromis faciatus,14,11.5,4,70.5,J,NIL,0 - 20cm,0,
Hemichromis faciatus,15.5,12,4.5,80.6,J,NIL,0 - 20cm,0,
Hemichromis faciatus,14.5,10.7,3.5,62.7,J,NIL,0 - 20cm,0,
Hemichromis faciatus,16.5,13,3.5,67.9,J,NIL,0 - 20cm,0,
Hemichromis faciatus,14.5,11.5,3.7,65.6,J,NIL,0 - 20cm,0,
Hemichromis faciatus,13.5,10.5,4,82.1,J,NIL,0 - 20cm,0,
Hemichromis faciatus,12.5,10.5,3,45.1,J,NIL,0 - 20cm,0,
Hemichromis faciatus,13.5,10.7,3,41.4,J,NIL,0 - 20cm,0,
Auchenoglaris occidentalis,33.5,27,4.5,415,F,NIL,26 - 30cm,0,
Auchenoglaris occidentalis,32.5,27.5,4.5,420,F,NIL,26 - 30cm,0,
Auchenoglaris occidentalis,30.5,26.5,4.5,410,F,NIL,26 - 30cm,0,
Hepsetus odoe,29.5,23.5,4.5,116.9,F,NIL,21 - 25cm,0,
Hepsetus odoe,26.5,23,3.5,115,F,NIL,21 - 25cm,0,
Hepsetus odoe,27.5,24,3.5,110,F,NIL,21 - 25cm,0,
Clarias gariepinus,23.5,17,3.5,99,J,NIL,0 - 20cm,0,
Clarias gariepinus,24,16.5,4.5,100,J,NIL,0 - 20cm,0,
Clarias gariepinus,22.5,17.5,3.5,110,J,NIL,0 - 20cm,0,
Schilbe uranoscopus,20.5,16.5,5.5,100,J,NIL,0 - 20cm,0,
Schilbe uranoscopus,19.5,13.5,5,100,J,NIL,0 - 20cm,0,
Schilbe uranoscopus,18.5,13.5,4.5,100,J,NIL,0 - 20cm,0,
Schilbe uranoscopus,21.5,17,4,100,J,NIL,0 - 20cm,0,
Schilbe uranoscopus,18.5,14,4.5,100,J,NIL,0 - 20cm,0,
Schilbe uranoscopus,18,14,4,100,J,NIL,0 - 20cm,0,
Schilbe uranoscopus,20.5,16,3.5,100,J,NIL,0 - 20cm,0,
Schilbe uranoscopus,17.5,13,4.5,100,J,NIL,0 - 20cm,0,
Schilbe uranoscopus,17,13,3.5,100,J,NIL,0 - 20cm,0,
Oreochromis niloticus,24.5,21.5,3.5,286.3,F,NIL,21 - 25cm,0,
Oreochromis niloticus,28.5,25,3.5,280,F,NIL,21 - 25cm,0,
Oreochromis niloticus,23.5,19.5,4,275,F,NIL,0 - 20cm,0,
Tilapia zilli,28.5,25,3.5,347.2,M,NIL,21 - 25cm,0,
Tilapia zilli,29,24.5,4,340,M,NIL,21 - 25cm,0,
Tilapia zilli,28.5,25.5,3.5,335,M,NIL,21 - 25cm,0,
Ctenopoma kingslaye,17.5,13.5,4.5,106.8,F,NIL,0 - 20cm,0,
Ctenopoma kingslaye,16.5,13,3.5,100.8,F,NIL,0 - 20cm,0,
Ctenopoma kingslaye,17.5,14,3,110.8,F,NIL,0 - 20cm,0,
Parachana obscura,23.5,20,3.5,153.7,M,NIL,0 - 20cm,0,
Parachana obscura,24,20.5,4,145,M,NIL,0 - 20cm,0,
Parachana obscura,22.5,19.5,3.5,160,M,NIL,0 - 20cm,0,
Clarias gariepinus,17.5,13.5,4,106.5,F,NIL,0 - 20cm,0,
Clarias gariepinus,17.5,13.5,4,110.5,F,NIL,0 - 20cm,0,
Clarias gariepinus,17,13,4,110,F,NIL,0 - 20cm,0,
Clarias gariepinus,17,13,4,105,F,NIL,0 - 20cm,0,
Clarias gariepinus,17.5,14,3.5,100,F,NIL,0 - 20cm,0,
Clarias gariepinus,17.5,14,3.5,95,F,NIL,0 - 20cm,0,
Polypterus senegalus,24.5,21,3.5,117,F,NIL,21 - 25cm,0,
Polypterus senegalus,25.5,21.5,4,110,F,NIL,21 - 25cm,0,
Polypterus senegalus,24.5,20.5,4.5,120,F,NIL,0 - 20cm,0,
Clarias gariepinus,33.6,30,7.5,347.8,F,INTESTINE,26 - 30cm,1,Polyonchobothrium clarias
Clarias gariepinus,32.5,29.5,7,347,F,STOMACH,26 - 30cm,1,Polyonchobothrium clarias
Clarias gariepinus,35,30.5,8,350,F,NIL,26 - 30cm,0,
Oreochromis niloticus,25.5,20.5,6.5,388.4,F,NIL,0 - 20cm,0,
Oreochromis niloticus,22.7,17.7,5,266.7,M,NIL,0 - 20cm,0,
Oreochromis niloticus,25.8,20.5,5.7,385.4,F,NIL,0 - 20cm,0,
Oreochromis niloticus,20,17.3,4.3,217.3,M,NIL,0 - 20cm,0,
Oreochromis niloticus,21.5,17.5,4,248.8,J,NIL,0 - 20cm,0,
Oreochromis niloticus,20.5,16.5,4.5,186.5,J,NIL,0 - 20cm,0,
Oreochromis niloticus,21.2,17.2,4.5,227.4,J,NIL,0 - 20cm,0,
Oreochromis niloticus,20.5,16.5,4.5,195.2,J,NIL,0 - 20cm,0,
Oreochromis niloticus,20,16.1,4.1,183.9,J,NIL,0 - 20cm,0,
Oreochromis niloticus,19.7,16,4.5,177.5,J,NIL,0 - 20cm,0,
Oreochromis niloticus,24.5,17.2,6,380.4,F,NIL,0 - 20cm,0,
Oreochromis niloticus,21.5,20,4.5,260.7,M,NIL,0 - 20cm,0,
Oreochromis niloticus,24.5,17,5.2,380.4,F,NIL,0 - 20cm,0,
Oreochromis niloticus,19.5,17,4,210.3,M,NIL,0 - 20cm,0,
Oreochromis niloticus,20.5,16,3.5,240.8,J,NIL,0 - 20cm,0,
Oreochromis niloticus,19,16.9,4,175.5,J,NIL,0 - 20cm,0,
Oreochromis niloticus,20.5,16,4,220.4,J,NIL,0 - 20cm,0,
Oreochromis niloticus,19.5,15.9,4,190.2,J,NIL,0 - 20cm,0,
Oreochromis niloticus,18.5,15.5,3.5,175.9,J,NIL,0 - 20cm,0,
Oreochromis niloticus,22.5,15.5,4,170.5,J,NIL,0 - 20cm,0,
Oreochromis niloticus,21.5,21,7,395.8,F,NIL,21 - 25cm,0,
Oreochromis niloticus,22.5,18,5.5,275.7,M,NIL,0 - 20cm,0,
Oreochromis niloticus,20.5,21,6,295.4,F,NIL,21 - 25cm,0,
Oreochromis niloticus,21.5,18,4.5,227.3,M,NIL,0 - 20cm,0,
Oreochromis niloticus,19.5,18,4.5,258.8,J,NIL,0 - 20cm,0,
Oreochromis niloticus,19.5,17,5,196.5,J,NIL,0 - 20cm,0,
Oreochromis niloticus,18.5,17.7,5,237.4,J,NIL,0 - 20cm,0,
Oreochromis niloticus,26.5,17,5,205.2,J,NIL,0 - 20cm,0,
Oreochromis niloticus,23.7,16.6,4.5,193.8,J,NIL,0 - 20cm,0,
Oreochromis niloticus,26.8,16.5,5,187.5,J,NIL,0 - 20cm,0,
Tilapia zilli,23.5,19.5,5,271.5,M,NIL,0 - 20cm,0,
Tilapia zilli,22.3,17.2,4.5,219.6,J,NIL,0 - 20cm,0,
Tilapia zilli,23.2,18,4.5,234.4,M,NIL,0 - 20cm,0,
Tilapia zilli,21.5,17.3,4.5,239.3,F,NIL,0 - 20cm,0,
Tilapia zilli,22,17.5,4.5,231.1,M,NIL,0 - 20cm,0,
Tilapia zilli,20.2,16.5,4.5,198.4,F,NIL,0 - 20cm,0,
Tilapia zilli,22.5,19,4.5,261.5,M,NIL,0 - 20cm,0,
Tilapia zilli,21.3,17,4,209.6,J,NIL,0 - 20cm,0,
Tilapia zilli,22.2,17.5,4,224.4,M,NIL,0 - 20cm,0,
Tilapia zilli,20.5,17,4,229.3,F,NIL,0 - 20cm,0,
Tilapia zilli,21.5,17,4,221.1,M,NIL,0 - 20cm,0,
Tilapia zilli,19.2,16,4,188.4,F,NIL,0 - 20cm,0,
Tilapia zilli,24,20,5.5,281.5,M,NIL,0 - 20cm,0,
Tilapia zilli,22.8,17.7,5,229.6,J,NIL,0 - 20cm,0,
Tilapia zilli,24,18.5,5,244.4,M,NIL,0 - 20cm,0,
Tilapia zilli,22,17.8,5,249.3,F,NIL,0 - 20cm,0,
Tilapia zilli,22.5,18,5,241.1,M,NIL,0 - 20cm,0,
Tilapia zilli,20.7,17,5,208.4,F,NIL,0 - 20cm,0,
Sarotherodon galileus,20,16.5,4.5,217.9,M,NIL,0 - 20cm,0,
Sarotherodon galileus,20,16.5,4.5,219.9,F,NIL,0 - 20cm,0,
Sarotherodon galileus,19.5,15.5,4.5,197.4,F,NIL,0 - 20cm,0,
Sarotherodon galileus,19.5,16,4,207.9,M,NIL,0 - 20cm,0,
Sarotherodon galileus,19.5,16,4,209.3,F,NIL,0 - 20cm,0,
Sarotherodon galileus,19,15,4,187.4,F,NIL,0 - 20cm,0,
Sarotherodon galileus,20.5,17,5,227.9,M,NIL,0 - 20cm,0,
Sarotherodon galileus,20.5,17,5,229.3,F,NIL,0 - 20cm,0,
Sarotherodon galileus,20,16,5,207.4,F,NIL,0 - 20cm,0,
Tilapia zilli,23.5,20.5,5,370.9,F,NIL,0 - 20cm,0,
Tilapia zilli,22,19,5,213.7,F,NIL,0 - 20cm,0,
Tilapia zilli,18.5,16.5,5,188.7,F,NIL,0 - 20cm,0,
Tilapia zilli,17.5,15.5,5,141.1,M,NIL,0 - 20cm,0,
Tilapia zilli,16,12.5,4,86.7,M,NIL,0 - 20cm,0,
Tilapia zilli,23,20,5,360.9,F,NIL,0 - 20cm,0,
Tilapia zilli,21.5,18.5,4,203.7,F,NIL,0 - 20cm,0,
Tilapia zilli,18,16,4,178.7,F,NIL,0 - 20cm,0,
Tilapia zilli,17,15,3.5,131.1,M,NIL,0 - 20cm,0,
Tilapia zilli,15.5,12,3.5,76.7,M,NIL,0 - 20cm,0,
Tilapia zilli,24,21,5,380.9,F,NIL,21 - 25cm,0,
Tilapia zilli,22.5,20,5,223.7,F,NIL,0 - 20cm,0,
Tilapia zilli,19,17,3.5,198.7,F,NIL,0 - 20cm,0,
Tilapia zilli,18,16,3.5,151.1,M,NIL,0 - 20cm,0,
Tilapia zilli,16.5,13,3.5,96.7,M,NIL,0 - 20cm,0,
Oreochromis niloticus,24,19.5,3.5,293.1,M,NIL,0 - 20cm,0,
Oreochromis niloticus,23.5,18.5,3.5,260.1,M,NIL,0 - 20cm,0,
Oreochromis niloticus,16.6,13,3.5,104.7,F,NIL,0 - 20cm,0,
Oreochromis niloticus,23.5,19,4,283.1,M,NIL,0 - 20cm,0,
Oreochromis niloticus,23,18,4,250.1,M,NIL,0 - 20cm,0,
Oreochromis niloticus,16,12.5,4,94.7,F,NIL,0 - 20cm,0,
Oreochromis niloticus,24.5,20,3.5,303.1,M,NIL,0 - 20cm,0,
Oreochromis niloticus,24,19,3.5,270.1,M,NIL,0 - 20cm,0,
Oreochromis niloticus,21,13.5,3.5,114.7,F,NIL,0 - 20cm,0,
Sarotherodon galileus,21.5,18,6,222.8,M,NIL,0 - 20cm,0,
Sarotherodon galileus,21,17.5,6,212.8,M,NIL,0 - 20cm,0,
Sarotherodon galileus,22,18.5,6.5,232.8,M,NIL,0 - 20cm,0,
Chromotilapia guntheri,12,8,3.5,19.4,F,NIL,0 - 20cm,0,
Chromotilapia guntheri,11.5,7.5,3.5,9.4,F,NIL,0 - 20cm,0,
Chromotilapia guntheri,12.5,8.5,3.5,29.4,F,NIL,0 - 20cm,0,
Parachana obscura,22,18.5,5,98.1,F,NIL,0 - 20cm,0,
Parachana obscura,21.5,18,5,88,F,NIL,0 - 20cm,0,
Parachana obscura,22.5,19,5,110,F,NIL,0 - 20cm,0,
Hepsetus odoe,27.5,24,5,211.3,M,NIL,21 - 25cm,0,
Hepsetus odoe,27,41,5,200.3,M,NIL,41 - 45cm,0,
Hepsetus odoe,28,23.5,4.5,221.3,M,NIL,21 - 25cm,0,
Gymnacus sp.,45,40.5,6,167.2,J,NIL,36 - 40cm,0,
Gymnacus sp.,44.5,24.5,6,157,J,NIL,21 - 25cm,0,
Gymnacus sp.,45.5,41.5,6,177,J,NIL,41 - 45cm,0,
Clarias gariepinus,28,24.5,8,170,J,NIL,21 - 25cm,0,
Clarias gariepinus,27.5,24,8,160,J,NIL,21 - 25cm,0,
Clarias gariepinus,28.5,25,7,180,J,NIL,21 - 25cm,0,
Clarias gariepinus,40.5,36.5,8,472.4,M,NIL,36 - 40cm,0,
Clarias gariepinus,40,36,8,462,M,NIL,36 - 40cm,0,
Clarias gariepinus,41,37,8,482,M,NIL,36 - 40cm,0,
Sarotherodon galileus,28,23.5,6.5,474.9,F,NIL,21 - 25cm,0,
Sarotherodon galileus,27.5,23,6.5,464.9,F,NIL,21 - 25cm,0,
Sarotherodon galileus,28.5,24,6,484.4,F,NIL,21 - 25cm,0,
Parachana obscura,27.5,24,5,209.8,J,NIL,21 - 25cm,0,
Parachana obscura,27,23.5,5,200,J,NIL,21 - 25cm,0,
Parachana obscura,28,24.5,5,220,J,NIL,21 - 25cm,0,
Oreochromis niloticus,25,21,3.5,336.8,F,NIL,21 - 25cm,0,
Oreochromis niloticus,24.5,20.5,3.5,326,F,NIL,21 - 25cm,0,
Oreochromis niloticus,25.5,21.5,3.5,350,F,NIL,21 - 25cm,0,
Tilapia zilli,20,14.5,3.5,114.7,M,NIL,0 - 20cm,0,
Tilapia zilli,19.5,14,3.5,114.7,J,NIL,0 - 20cm,0,
Tilapia zilli,18,13.5,3.5,100.3,F,NIL,0 - 20cm,0,
Tilapia zilli,19.5,14,3.5,104.7,M,NIL,0 - 20cm,0,
Tilapia zilli,19,13.5,3.5,104.5,J,NIL,0 - 20cm,0,
Tilapia zilli,17.5,13,3.5,90.3,F,NIL,0 - 20cm,0,
Tilapia zilli,20.5,15,3.5,125,M,NIL,0 - 20cm,0,
Tilapia zilli,20,14.5,3.5,124.7,J,NIL,0 - 20cm,0,
Tilapia zilli,18.5,14,3.5,110.3,F,NIL,0 - 20cm,0,
Oreochromis niloticus,16,12,4,77.4,F,NIL,0 - 20cm,0,
Oreochromis niloticus,15.5,11.5,3.5,67.4,F,NIL,0 - 20cm,0,
Oreochromis niloticus,16.5,12.5,3.5,87.4,F,NIL,0 - 20cm,0,
Tilapia zilli,17,12.5,3.5,82.7,F,NIL,0 - 20cm,0,
Tilapia zilli,16,11.5,3.5,70.1,M,NIL,0 - 20cm,0,
Tilapia zilli,15.5,11,3.5,57.5,F,NIL,0 - 20cm,0,
Tilapia zilli,19.5,15,3.5,56.9,F,NIL,0 - 20cm,0,
Tilapia zilli,15,11,3.5,56.9,F,NIL,0 - 20cm,0,
Tilapia zilli,18,13.5,3.5,90.2,M,NIL,0 - 20cm,0,
Tilapia zilli,17,12.5,3.5,66.8,F,NIL,0 - 20cm,0,
Tilapia zilli,17,12.5,3.5,64.9,M,NIL,0 - 20cm,0,
Tilapia zilli,16,11.5,3.5,61.8,M,NIL,0 - 20cm,0,
Tilapia zilli,15.5,11,3.5,59.9,F,NIL,0 - 20cm,0,
Tilapia zilli,16,11.5,3.5,59.8,J,NIL,0 - 20cm,0,
Tilapia zilli,14,10,3.5,44.2,F,NIL,0 - 20cm,0,
Tilapia zilli,16.5,12,3.5,72.7,F,NIL,0 - 20cm,0,
Tilapia zilli,15.5,11,3.5,60.1,M,NIL,0 - 20cm,0,
Tilapia zilli,15,10.5,3.5,47.5,F,NIL,0 - 20cm,0,
Tilapia zilli,19,14.5,3.5,46.9,F,NIL,0 - 20cm,0,
Tilapia zilli,14.5,10.5,3.5,46.9,F,NIL,0 - 20cm,0,
Tilapia zilli,17.5,13,3.5,80.2,M,NIL,0 - 20cm,0,
Tilapia zilli,16.5,12,3.5,56.8,F,NIL,0 - 20cm,0,
Tilapia zilli,16.5,12,3.5,54,M,NIL,0 - 20cm,0,
Tilapia zilli,15.5,11,3.5,51.8,M,NIL,0 - 20cm,0,
Tilapia zilli,15,10.5,3.5,49.9,F,NIL,0 - 20cm,0,
Tilapia zilli,15.5,11,3.5,49.8,J,NIL,0 - 20cm,0,
Tilapia zilli,13.5,9.5,3.5,34.2,F,NIL,0 - 20cm,0,
Tilapia zilli,17.5,13,3.5,92.7,F,NIL,0 - 20cm,0,
Tilapia zilli,16.5,12,3.5,80.1,M,NIL,0 - 20cm,0,
Tilapia zilli,16,11.5,3.5,67.5,F,NIL,0 - 20cm,0,
Tilapia zilli,20,15.5,3.5,66.9,F,NIL,0 - 20cm,0,
Tilapia zilli,15.5,11.5,3.5,66.9,F,NIL,0 - 20cm,0,
Tilapia zilli,18.5,14,3.5,100.2,M,NIL,0 - 20cm,0,
Tilapia zilli,17.5,13,3.5,76.8,F,NIL,0 - 20cm,0,
Tilapia zilli,17.5,13,3.5,74.9,M,NIL,0 - 20cm,0,
Tilapia zilli,16.5,12,3.5,71.8,M,NIL,0 - 20cm,0,
Tilapia zilli,16,11.5,3.5,69.9,F,NIL,0 - 20cm,0,
Tilapia zilli,16.5,12,3.5,69.8,J,NIL,0 - 20cm,0,
Tilapia zilli,14.5,10.5,3.5,54.2,F,NIL,0 - 20cm,0,
Hepsetus odoe,19.5,15,3.5,426,J,NIL,0 - 20cm,0,
Hepsetus odoe,19,14.5,4,416,J,NIL,0 - 20cm,0,
Hepsetus odoe,20,15.5,4,436,J,NIL,0 - 20cm,0,
Oreochromis niloticus,17.5,13,4,82.3,F,NIL,0 - 20cm,0,
Oreochromis niloticus,17.5,13,4.5,79.1,F,NIL,0 - 20cm,0,
Oreochromis niloticus,16,11.5,3.5,61.9,J,NIL,0 - 20cm,0,
Oreochromis niloticus,17,12.5,3.5,72.3,F,NIL,0 - 20cm,0,
Oreochromis niloticus,17,12.5,3.5,69.1,F,NIL,0 - 20cm,0,
Oreochromis niloticus,15.5,11,3.5,51.9,J,NIL,0 - 20cm,0,
Oreochromis niloticus,18,13.5,3.5,92.3,F,NIL,0 - 20cm,0,
Oreochromis niloticus,18,13.5,3.5,89.1,F,NIL,0 - 20cm,0,
Oreochromis niloticus,16.5,12,3.5,71.9,J,NIL,0 - 20cm,0,
Clarias gariepinus,47.7,39.7,6,572,M,NIL,36 - 40cm,0,
Clarias gariepinus,47.5,39.5,6,646.7,M,NIL,36 - 40cm,0,
Clarias gariepinus,47,39.2,6,562,M,NIL,36 - 40cm,0,
Clarias gariepinus,47,39,6,636.7,M,NIL,36 - 40cm,0,
Clarias gariepinus,52,40.2,6,582,M,NIL,36 - 40cm,0,
Clarias gariepinus,52,40,6,656.7,M,NIL,36 - 40cm,0,
Oreochromis niloticus,31,24.5,3.5,510,M,NIL,21 - 25cm,0,
Oreochromis niloticus,30.5,23.8,3.5,554,M,NIL,21 - 25cm,0,
Oreochromis niloticus,22.5,17.8,3.5,228,M,NIL,0 - 20cm,0,
Oreochromis niloticus,25.6,20.5,3.5,388,M,NIL,0 - 20cm,0,
Oreochromis niloticus,30.5,24,3.5,500,M,NIL,21 - 25cm,0,
Oreochromis niloticus,30,23.3,3.5,544,M,NIL,21 - 25cm,0,
Oreochromis niloticus,22,17.3,3.5,218,M,NIL,0 - 20cm,0,
Oreochromis niloticus,25,20,3.5,378,M,NIL,0 - 20cm,0,
Oreochromis niloticus,31.5,25,3.5,520,M,NIL,21 - 25cm,0,
Oreochromis niloticus,31,24.3,3.5,562,M,NIL,21 - 25cm,0,
Oreochromis niloticus,23,22.3,3.5,238,M,NIL,21 - 25cm,0,
Oreochromis niloticus,31,21,3.5,398,M,NIL,21 - 25cm,0,
Tilapia zilli,22.3,16.8,3.5,250,J,NIL,0 - 20cm,0,
Tilapia zilli,20.5,16.5,3.5,233,M,NIL,0 - 20cm,0,
Tilapia zilli,21.3,17.2,3.5,242,F,NIL,0 - 20cm,0,
Tilapia zilli,20.7,17.5,3.5,264,M,NIL,0 - 20cm,0,
Tilapia zilli,19.6,16.5,3.5,248,F,NIL,0 - 20cm,0,
Tilapia zilli,20.6,16.8,3.5,226,M,NIL,0 - 20cm,0,
Tilapia zilli,21.5,16.3,3.5,240,J,NIL,0 - 20cm,0,
Tilapia zilli,20,16,3.5,223,M,NIL,0 - 20cm,0,
Tilapia zilli,19.7,16.7,3.5,232,F,NIL,0 - 20cm,0,
Tilapia zilli,20.2,17,3.5,254,M,NIL,0 - 20cm,0,
Tilapia zilli,19.1,16,3.5,238,F,NIL,0 - 20cm,0,
Tilapia zilli,20.1,16.3,3.5,216,M,NIL,0 - 20cm,0,
Tilapia zilli,22.8,17.3,3.5,260,J,NIL,0 - 20cm,0,
Tilapia zilli,21,17,3.5,243,M,NIL,0 - 20cm,0,
Tilapia zilli,21.8,17.7,3.5,252,F,NIL,0 - 20cm,0,
Tilapia zilli,21.2,18,3.5,274,M,NIL,0 - 20cm,0,
Tilapia zilli,20.1,17,3.5,258,F,NIL,0 - 20cm,0,
Tilapia zilli,21.1,17.3,3.5,236,M,NIL,0 - 20cm,0,
Polypterus senegalus,27,24.1,3,147,F,NIL,21 - 25cm,0,
Polypterus senegalus,25.5,22.5,3,98,F,NIL,21 - 25cm,0,
Polypterus senegalus,25,22.1,3,122,F,NIL,21 - 25cm,0,
Polypterus senegalus,24,20.5,3,82,F,NIL,0 - 20cm,0,
Polypterus senegalus,23.5,20.4,3,80,F,NIL,0 - 20cm,0,
Polypterus senegalus,23.5,20.5,3,86,F,NIL,0 - 20cm,0,
Polypterus senegalus,23.5,20.5,3,82,F,NIL,0 - 20cm,0,
Polypterus senegalus,26.5,23.5,3,137,F,NIL,21 - 25cm,0,
Polypterus senegalus,25,22,3,88,F,NIL,21 - 25cm,0,
Polypterus senegalus,24.5,21.5,3,112,F,NIL,21 - 25cm,0,
Polypterus senegalus,23.5,20,3,72,F,NIL,0 - 20cm,0,
Polypterus senegalus,23,19.9,3,70,F,NIL,0 - 20cm,0,
Polypterus senegalus,23,20,3,76,F,NIL,0 - 20cm,0,
Polypterus senegalus,23,20,3,72,F,NIL,0 - 20cm,0,
Polypterus senegalus,27.5,24.6,3,157,F,NIL,21 - 25cm,0,
Polypterus senegalus,26,23,3,108,F,NIL,21 - 25cm,0,
Polypterus senegalus,25.5,22.6,3,132,F,NIL,21 - 25cm,0,
Polypterus senegalus,24.5,21,3,92,F,NIL,21 - 25cm,0,
Polypterus senegalus,24,20.9,3,90,F,NIL,0 - 20cm,0,
Polypterus senegalus,24,21,3,96,F,NIL,21 - 25cm,0,
Polypterus senegalus,24,21,3,92,F,NIL,21 - 25cm,0,
Oreochromis niloticus,27,21.6,3,454,M,NIL,21 - 25cm,0,
Oreochromis niloticus,26.5,21,3,444,M,NIL,21 - 25cm,0,
Oreochromis niloticus,27.5,22,3.5,464,M,NIL,21 - 25cm,0,
Tilapia zilli,26,21.2,3.5,424,M,NIL,21 - 25cm,0,
Tilapia zilli,26.2,15.9,3.5,200,M,NIL,0 - 20cm,0,
Tilapia zilli,19.4,14.4,3.5,150,M,NIL,0 - 20cm,0,
Tilapia zilli,25.5,21.7,3.5,414,M,NIL,21 - 25cm,0,
Tilapia zilli,25.7,16.3,3.5,190,M,NIL,0 - 20cm,0,
Tilapia zilli,18.9,14.9,3.5,140,M,NIL,0 - 20cm,0,
Tilapia zilli,26.5,21.7,3.5,434,M,NIL,21 - 25cm,0,
Tilapia zilli,26.7,16.3,3.5,210,M,NIL,0 - 20cm,0,
Tilapia zilli,19.9,14.9,3.5,160,M,NIL,0 - 20cm,0,
Clarias gariepinus,43.7,34.6,8,650,F,NIL,31 -35cm,0,
Clarias gariepinus,50.5,41,8,512,F,NIL,41 - 45cm,0,
Clarias gariepinus,45,36.7,8,526,F,NIL,36 - 40cm,0,
Clarias gariepinus,46.4,38.3,8,520,F,NIL,36 - 40cm,0,
Clarias gariepinus,43.2,34.1,8,640,F,NIL,31 -35cm,0,
Clarias gariepinus,50,40.5,8,502,F,NIL,36 - 40cm,0,
Clarias gariepinus,44.5,36.2,8,516,F,NIL,36 - 40cm,0,
Clarias gariepinus,45.9,37.3,8,510,F,NIL,36 - 40cm,0,
Clarias gariepinus,44.2,35.1,8,660,F,NIL,31 -35cm,0,
Clarias gariepinus,51,41.5,8,522,F,NIL,41 - 45cm,0,
Clarias gariepinus,45.5,37.2,8,536,F,NIL,36 - 40cm,0,
Clarias gariepinus,46.9,38.8,8,530,F,NIL,36 - 40cm,0,
Tilapia zilli,25.4,20.1,3.5,291,M,NIL,0 - 20cm,0,
Tilapia zilli,25,19.5,3.5,281,M,NIL,0 - 20cm,0,
Tilapia zilli,26,20.5,3.5,301,M,NIL,0 - 20cm,0,
Oreochromis niloticus,32.5,27.5,3.5,737.3,M,NIL,26 - 30cm,0,
Oreochromis niloticus,32,27,3.5,727,M,NIL,26 - 30cm,0,
Oreochromis niloticus,33,28,3.5,747.5,M,NIL,26 - 30cm,0,
Sarotherodon galileus,29.2,24,3.5,664.3,M,NIL,21 - 25cm,0,
Sarotherodon galileus,28.7,23.5,3.5,654,M,NIL,21 - 25cm,0,
Sarotherodon galileus,29.7,24.5,3.5,674,M,NIL,21 - 25cm,0,
Gymnacus sp.,40.5,34.5,6,138.6,M,NIL,31 -35cm,0,
Gymnacus sp.,40,34,6,128.6,M,NIL,31 -35cm,0,
Gymnacus sp.,41,35,6,148.6,M,NIL,31 -35cm,0,
Hepsetus odoe,21,17,4.5,60,J,NIL,0 - 20cm,0,
Hepsetus odoe,20.5,16,4.5,50,J,NIL,0 - 20cm,0,
Hepsetus odoe,20,16.5,4.5,70,J,NIL,0 - 20cm,0,
Hepsetus odoe,19.5,15.5,4.5,55.2,J,NIL,0 - 20cm,0,
Hepsetus odoe,21,17.5,4.5,45.2,J,NIL,0 - 20cm,0,
Hepsetus odoe,20.5,16.5,4.5,65.2,J,NIL,0 - 20cm,0,
Parachana obscura,20,17,4.5,67.8,J,NIL,0 - 20cm,0,
Parachana obscura,19.5,16.5,4.5,57.8,J,NIL,0 - 20cm,0,
Parachana obscura,20.5,17.5,4.5,77.8,J,NIL,0 - 20cm,0,
Polypterus senegalus,29.3,26,3,143.6,J,NIL,26 - 30cm,0,
Polypterus senegalus,24.2,21.2,3,77.9,J,NIL,21 - 25cm,0,
Polypterus senegalus,26.3,23.4,3,108,F,NIL,21 - 25cm,0,
Polypterus senegalus,27.2,24,3,120.4,F,NIL,21 - 25cm,0,
Polypterus senegalus,27.1,24,3,112.7,F,NIL,21 - 25cm,0,
Polypterus senegalus,27.1,24,3,119.4,F,NIL,21 - 25cm,0,
Polypterus senegalus,28.8,25.5,3,133.6,J,NIL,21 - 25cm,0,
Polypterus senegalus,23.8,20.5,3,67.9,J,NIL,0 - 20cm,0,
Polypterus senegalus,25.7,23,3,100,F,NIL,21 - 25cm,0,
Polypterus senegalus,26.8,23.5,3,110,F,NIL,21 - 25cm,0,
Polypterus senegalus,26.5,23.5,3,100.7,F,NIL,21 - 25cm,0,
Polypterus senegalus,26.5,23.5,3,110,F,NIL,21 - 25cm,0,
Polypterus senegalus,30,26.5,3,154,J,NIL,26 - 30cm,0,
Polypterus senegalus,24.7,21.7,3,88,J,NIL,21 - 25cm,0,
Polypterus senegalus,26.8,23.9,3,118,F,NIL,21 - 25cm,0,
Polypterus senegalus,27.7,24.5,3,132,F,NIL,21 - 25cm,0,
Polypterus senegalus,27.6,24.5,3,123,F,NIL,21 - 25cm,0,
Polypterus senegalus,27.6,24.5,3,130,F,NIL,21 - 25cm,0,
Tilapia zilli,14.5,11.5,3.5,164.3,J,NIL,0 - 20cm,0,
Tilapia zilli,14,11,3.5,60,F,NIL,0 - 20cm,0,
Tilapia zilli,14,11,3.5,155,J,NIL,0 - 20cm,0,
Tilapia zilli,13.5,10.5,3.5,50,F,NIL,0 - 20cm,0,
Tilapia zilli,15,12,3.5,174,J,NIL,0 - 20cm,0,
Tilapia zilli,14.5,11.5,3.5,70,F,NIL,0 - 20cm,0,
Chromotilapia guntheri,13.5,11,2.5,43,J,NIL,0 - 20cm,0,
Chromotilapia guntheri,13.5,10.5,2.5,52.3,J,NIL,0 - 20cm,0,
Chromotilapia guntheri,13,10.5,2.5,33,J,NIL,0 - 20cm,0,
Chromotilapia guntheri,13,10,2.5,42.3,J,NIL,0 - 20cm,0,
Chromotilapia guntheri,14,11.5,2.5,53,J,NIL,0 - 20cm,0,
Chromotilapia guntheri,14,11,2.5,62.3,J,NIL,0 - 20cm,0,
Hemichromis faciatus,11,9.2,2.5,37.2,J,NIL,0 - 20cm,0,
Hemichromis faciatus,13,16.5,2.5,85.4,J,NIL,0 - 20cm,0,
Hemichromis faciatus,12.3,15.5,2.5,65.5,J,NIL,0 - 20cm,0,
Hemichromis faciatus,12.5,15.7,2.5,74.6,J,NIL,0 - 20cm,0,
Hemichromis faciatus,11,13.9,2.5,57.7,J,NIL,0 - 20cm,0,
Hemichromis faciatus,11.5,15,2.5,62.9,J,NIL,0 - 20cm,0,
Hemichromis faciatus,10.2,13.7,2.5,59.6,J,NIL,0 - 20cm,0,
Hemichromis faciatus,12.5,15.5,2.5,77.1,J,NIL,0 - 20cm,0,
Hemichromis faciatus,11,13.8,2.5,66.2,J,NIL,0 - 20cm,0,
Hemichromis faciatus,10.1,13,2.5,52.1,J,NIL,0 - 20cm,0,
Hemichromis faciatus,10,12,2.5,38.2,J,NIL,0 - 20cm,0,
Hemichromis faciatus,10.2,13,2.5,36.4,J,NIL,0 - 20cm,0,
Hemichromis faciatus,10.5,9,2.5,27.2,J,NIL,0 - 20cm,0,
Hemichromis faciatus,12.5,16,2.5,75.4,J,NIL,0 - 20cm,0,
Hemichromis faciatus,12,15,2.5,56,J,NIL,0 - 20cm,0,
Hemichromis faciatus,12,15.2,2.5,65,J,NIL,0 - 20cm,0,
Hemichromis faciatus,10.5,13.4,2.5,48.2,J,NIL,0 - 20cm,0,
Hemichromis faciatus,11,14.5,2.5,53,J,NIL,0 - 20cm,0,
Hemichromis faciatus,10,13.2,2.5,50,J,NIL,0 - 20cm,0,
Hemichromis faciatus,12,15,2.5,67,J,NIL,0 - 20cm,0,
Hemichromis faciatus,10.5,13.3,2.5,56,J,NIL,0 - 20cm,0,
Hemichromis faciatus,9.5,12.5,2.5,42,J,NIL,0 - 20cm,0,
Hemichromis faciatus,9.5,11.5,2.5,28,J,NIL,0 - 20cm,0,
Hemichromis faciatus,9.5,12.5,2.5,26.4,J,NIL,0 - 20cm,0,
Hemichromis faciatus,11.5,9.7,2.5,47,J,NIL,0 - 20cm,0,
Hemichromis faciatus,13.5,17,2.5,95.4,J,NIL,0 - 20cm,0,
Hemichromis faciatus,12.8,16,2.5,76,J,NIL,0 - 20cm,0,
Hemichromis faciatus,13,16.2,2.5,85,J,NIL,0 - 20cm,0,
Hemichromis faciatus,11.5,14,2.5,68,J,NIL,0 - 20cm,0,
Hemichromis faciatus,12,15.5,2.5,73,J,NIL,0 - 20cm,0,
Hemichromis faciatus,10.7,14.2,2.5,70,J,NIL,0 - 20cm,0,
Hemichromis faciatus,13,16,2.5,87,J,NIL,0 - 20cm,0,
Hemichromis faciatus,11.5,14.3,2.5,76,J,NIL,0 - 20cm,0,
Hemichromis faciatus,10.6,13.5,2.5,62,J,NIL,0 - 20cm,0,
Hemichromis faciatus,10.5,12.5,2.5,48,J,NIL,0 - 20cm,0,
Hemichromis faciatus,10.7,13.5,2.5,46,J,NIL,0 - 20cm,0,
Hemichromis faciatus,10,13.5,2.5,80,J,NIL,0 - 20cm,0,
Hemichromis faciatus,9.5,13,2.5,70,J,NIL,0 - 20cm,0,
Hemichromis faciatus,10.5,14,2.5,90,J,NIL,0 - 20cm,0,
Hemichromis faciatus,10,13.5,2.5,85,J,NIL,0 - 20cm,0,
